Workbook

Sheet Participants
A1: participant name | B1: Gender | C1: Age | D1: Industry | E1: Region | F1: Province/State | G1: City/Municipality | H1: Barangay | I1: Block/Lot/Purok | J1: =_xlfn._xlws.SORT(_xlfn.UNIQUE(PSGC!A2:A1391))
A2: CJ Hyca Villadores | B2: Female | C2: 18 | D2: NGA | E2: REGION XIII (Caraga) | F2: Agusan Del Norte | G2: City of Butuan (Capital) | H2: Ampayon | I2: Block 2, Lot 8 | K2: =_xlfn._xlws.SORT(_xlfn.UNIQUE(_xlfn._xlws.FILTER(PSGC!B:B,PSGC!A:A=E2))) | L2: =_xlfn._xlws.SORT(_xlfn.UNIQUE(_xlfn._xlws.FILTER(PSGC!C:C,(PSGC!A:A=E2)*(PSGC!B:B=F2)))) | M2: =_xlfn._xlws.SORT(_xlfn.UNIQUE(_xlfn._xlws.FILTER(PSGC!D:D,(PSGC!A:A=E2)*(PSGC!B:B=F2)*(PSGC!C:C=G2))))
K3: =_xlfn._xlws.SORT(_xlfn.UNIQUE(_xlfn._xlws.FILTER(PSGC!B:B,PSGC!A:A=E3))) | L3: =_xlfn._xlws.SORT(_xlfn.UNIQUE(_xlfn._xlws.FILTER(PSGC!C:C,(PSGC!A:A=E3)*(PSGC!B:B=F3)))) | M3: =_xlfn._xlws.SORT(_xlfn.UNIQUE(_xlfn._xlws.FILTER(PSGC!D:D,(PSGC!A:A=E3)*(PSGC!B:B=F3)*(PSGC!C:C=G3))))
K4: =_xlfn._xlws.SORT(_xlfn.UNIQUE(_xlfn._xlws.FILTER(PSGC!B:B,PSGC!A:A=E4))) | L4: =_xlfn._xlws.SORT(_xlfn.UNIQUE(_xlfn._xlws.FILTER(PSGC!C:C,(PSGC!A:A=E4)*(PSGC!B:B=F4)))) | M4: =_xlfn._xlws.SORT(_xlfn.UNIQUE(_xlfn._xlws.FILTER(PSGC!D:D,(PSGC!A:A=E4)*(PSGC!B:B=F4)*(PSGC!C:C=G4))))
K5: =_xlfn._xlws.SORT(_xlfn.UNIQUE(_xlfn._xlws.FILTER(PSGC!B:B,PSGC!A:A=E5))) | L5: =_xlfn._xlws.SORT(_xlfn.UNIQUE(_xlfn._xlws.FILTER(PSGC!C:C,(PSGC!A:A=E5)*(PSGC!B:B=F5)))) | M5: =_xlfn._xlws.SORT(_xlfn.UNIQUE(_xlfn._xlws.FILTER(PSGC!D:D,(PSGC!A:A=E5)*(PSGC!B:B=F5)*(PSGC!C:C=G5))))
K6: =_xlfn._xlws.SORT(_xlfn.UNIQUE(_xlfn._xlws.FILTER(PSGC!B:B,PSGC!A:A=E6))) | L6: =_xlfn._xlws.SORT(_xlfn.UNIQUE(_xlfn._xlws.FILTER(PSGC!C:C,(PSGC!A:A=E6)*(PSGC!B:B=F6)))) | M6: =_xlfn._xlws.SORT(_xlfn.UNIQUE(_xlfn._xlws.FILTER(PSGC!D:D,(PSGC!A:A=E6)*(PSGC!B:B=F6)*(PSGC!C:C=G6))))
K7: =_xlfn._xlws.SORT(_xlfn.UNIQUE(_xlfn._xlws.FILTER(PSGC!B:B,PSGC!A:A=E7))) | L7: =_xlfn._xlws.SORT(_xlfn.UNIQUE(_xlfn._xlws.FILTER(PSGC!C:C,(PSGC!A:A=E7)*(PSGC!B:B=F7)))) | M7: =_xlfn._xlws.SORT(_xlfn.UNIQUE(_xlfn._xlws.FILTER(PSGC!D:D,(PSGC!A:A=E7)*(PSGC!B:B=F7)*(PSGC!C:C=G7))))
K8: =_xlfn._xlws.SORT(_xlfn.UNIQUE(_xlfn._xlws.FILTER(PSGC!B:B,PSGC!A:A=E8))) | L8: =_xlfn._xlws.SORT(_xlfn.UNIQUE(_xlfn._xlws.FILTER(PSGC!C:C,(PSGC!A:A=E8)*(PSGC!B:B=F8)))) | M8: =_xlfn._xlws.SORT(_xlfn.UNIQUE(_xlfn._xlws.FILTER(PSGC!D:D,(PSGC!A:A=E8)*(PSGC!B:B=F8)*(PSGC!C:C=G8))))
K9: =_xlfn._xlws.SORT(_xlfn.UNIQUE(_xlfn._xlws.FILTER(PSGC!B:B,PSGC!A:A=E9))) | L9: =_xlfn._xlws.SORT(_xlfn.UNIQUE(_xlfn._xlws.FILTER(PSGC!C:C,(PSGC!A:A=E9)*(PSGC!B:B=F9)))) | M9: =_xlfn._xlws.SORT(_xlfn.UNIQUE(_xlfn._xlws.FILTER(PSGC!D:D,(PSGC!A:A=E9)*(PSGC!B:B=F9)*(PSGC!C:C=G9))))
K10: =_xlfn._xlws.SORT(_xlfn.UNIQUE(_xlfn._xlws.FILTER(PSGC!B:B,PSGC!A:A=E10))) | L10: =_xlfn._xlws.SORT(_xlfn.UNIQUE(_xlfn._xlws.FILTER(PSGC!C:C,(PSGC!A:A=E10)*(PSGC!B:B=F10)))) | M10: =_xlfn._xlws.SORT(_xlfn.UNIQUE(_xlfn._xlws.FILTER(PSGC!D:D,(PSGC!A:A=E10)*(PSGC!B:B=F10)*(PSGC!C:C=G10))))
K11: =_xlfn._xlws.SORT(_xlfn.UNIQUE(_xlfn._xlws.FILTER(PSGC!B:B,PSGC!A:A=E11))) | L11: =_xlfn._xlws.SORT(_xlfn.UNIQUE(_xlfn._xlws.FILTER(PSGC!C:C,(PSGC!A:A=E11)*(PSGC!B:B=F11)))) | M11: =_xlfn._xlws.SORT(_xlfn.UNIQUE(_xlfn._xlws.FILTER(PSGC!D:D,(PSGC!A:A=E11)*(PSGC!B:B=F11)*(PSGC!C:C=G11))))
K12: =_xlfn._xlws.SORT(_xlfn.UNIQUE(_xlfn._xlws.FILTER(PSGC!B:B,PSGC!A:A=E12))) | L12: =_xlfn._xlws.SORT(_xlfn.UNIQUE(_xlfn._xlws.FILTER(PSGC!C:C,(PSGC!A:A=E12)*(PSGC!B:B=F12)))) | M12: =_xlfn._xlws.SORT(_xlfn.UNIQUE(_xlfn._xlws.FILTER(PSGC!D:D,(PSGC!A:A=E12)*(PSGC!B:B=F12)*(PSGC!C:C=G12))))
K13: =_xlfn._xlws.SORT(_xlfn.UNIQUE(_xlfn._xlws.FILTER(PSGC!B:B,PSGC!A:A=E13))) | L13: =_xlfn._xlws.SORT(_xlfn.UNIQUE(_xlfn._xlws.FILTER(PSGC!C:C,(PSGC!A:A=E13)*(PSGC!B:B=F13)))) | M13: =_xlfn._xlws.SORT(_xlfn.UNIQUE(_xlfn._xlws.FILTER(PSGC!D:D,(PSGC!A:A=E13)*(PSGC!B:B=F13)*(PSGC!C:C=G13))))
K14: =_xlfn._xlws.SORT(_xlfn.UNIQUE(_xlfn._xlws.FILTER(PSGC!B:B,PSGC!A:A=E14))) | L14: =_xlfn._xlws.SORT(_xlfn.UNIQUE(_xlfn._xlws.FILTER(PSGC!C:C,(PSGC!A:A=E14)*(PSGC!B:B=F14)))) | M14: =_xlfn._xlws.SORT(_xlfn.UNIQUE(_xlfn._xlws.FILTER(PSGC!D:D,(PSGC!A:A=E14)*(PSGC!B:B=F14)*(PSGC!C:C=G14))))
... K200: =_xlfn._xlws.SORT(_xlfn.UNIQUE(_xlfn._xlws.FILTER(PSGC!B:B,PSGC!A:A=E200))) | L200: =_xlfn._xlws.SORT(_xlfn.UNIQUE(_xlfn._xlws.FILTER(PSGC!C:C,(PSGC!A:A=E200)*(PSGC!B:B=F200)))) | M200: =_xlfn._xlws.SORT(_xlfn.UNIQUE(_xlfn._xlws.FILTER(PSGC!D:D,(PSGC!A:A=E200)*(PSGC!B:B=F200)*(PSGC!C:C=G200))))

Sheet PSGC
A1: Region | B1: Province | C1: CityMunicipality | D1: Barangay
A2: REGION XIII (Caraga) | B2: Agusan Del Norte | C2: Buenavista | D2: class
A3: REGION XIII (Caraga) | B3: Agusan Del Norte | C3: Buenavista | D3: Abilan
A4: REGION XIII (Caraga) | B4: Agusan Del Norte | C4: Buenavista | D4: Agong-ong
A5: REGION XIII (Caraga) | B5: Agusan Del Norte | C5: Buenavista | D5: Alubijid
A6: REGION XIII (Caraga) | B6: Agusan Del Norte | C6: Buenavista | D6: Guinabsan
A7: REGION XIII (Caraga) | B7: Agusan Del Norte | C7: Buenavista | D7: Macalang
A8: REGION XIII (Caraga) | B8: Agusan Del Norte | C8: Buenavista | D8: Malapong
A9: REGION XIII (Caraga) | B9: Agusan Del Norte | C9: Buenavista | D9: Malpoc
A10: REGION XIII (Caraga) | B10: Agusan Del Norte | C10: Buenavista | D10: Manapa
A11: REGION XIII (Caraga) | B11: Agusan Del Norte | C11: Buenavista | D11: Matabao
A12: REGION XIII (Caraga) | B12: Agusan Del Norte | C12: Buenavista | D12: Poblacion 1
... A1391: REGION XIII (Caraga) | B1391: Dinagat Islands | C1391: Tubajon | D1391: Santa Cruz (Pob.)
